,x,y,vx,vy,E_total,E_kin,E_pot
0,-20.0,0.0,0.0,0.0,0.0,0.0,0.0
1,-20.0,-0.30625,0.0,-2.4499999999999997,-1.1368683772161603e-13,270.11249999999995,-270.11250000000007
2,-20.0,-1.2249999999999999,0.0,-4.8999999999999995,-2.2737367544323206e-13,1080.4499999999998,-1080.45
3,-20.0,-2.7562499999999996,0.0,-7.35,0.0,2431.0125,-2431.0125
4,-20.0,-4.9,0.0,-9.799999999999999,-1.8189894035458565e-12,4321.799999999999,-4321.800000000001
5,-20.0,-7.65625,0.0,-12.249999999999998,-3.637978807091713e-12,6752.812499999997,-6752.812500000001
6,-20.0,-11.025,0.0,-14.699999999999998,-5.4569682106375694e-12,9724.049999999996,-9724.050000000001
7,-20.0,-15.00625,0.0,-17.15,-3.637978807091713e-12,13235.512499999997,-13235.5125
8,-20.0,-19.6,0.0,-19.599999999999998,-7.275957614183426e-12,17287.199999999997,-17287.200000000004
9,-20.0,-24.806250000000002,0.0,-22.049999999999997,-7.275957614183426e-12,21879.112499999996,-21879.112500000003
10,-20.0,-30.625,0.0,-24.499999999999996,-1.4551915228366852e-11,27011.24999999999,-27011.250000000004
11,-20.0,-37.05625,0.0,-26.949999999999996,-1.4551915228366852e-11,32683.61249999999,-32683.612500000003
12,-20.0,-44.099999999999994,0.0,-29.399999999999995,-1.4551915228366852e-11,38896.19999999998,-38896.2
13,-19.996484425592364,-51.75204419620103,0.04342310096294283,-31.7965585414894,-3.123030881761224,45496.03592916269,-45499.15896004445
14,-19.97014051856531,-59.986209903202344,0.1830320512435845,-34.05003305987569,-3.1224990764821996,52174.721344968435,-52177.84384404492
15,-19.89745747769214,-68.75247132896513,0.4126252480998984,-36.00811837609409,-3.315088755080069,58353.968186197846,-58357.283274952926
16,-19.757162500787636,-77.95264400646536,0.7220859004780102,-37.51535489756013,-3.313904228110914,63356.54675119011,-63359.860655418226
17,-19.530726833160212,-87.46992568310905,1.0997197523304698,-38.54053683818585,-3.3135119958315045,66896.20634891519,-66899.51986091101
18,-19.202655560676284,-97.18082508778895,1.533066418045629,-39.06131056378885,-3.313785526130232,68766.13240213058,-68769.44618765671
19,-18.76060368889903,-106.9573613639645,2.0094597064918127,-39.064095223568465,-3.314589294284815,68851.86587766174,-68855.18046695602
20,-18.195380895382343,-116.66923883678436,2.5163726613381674,-38.543917635685794,-3.3158052181388484,67138.45731347673,-67141.77311869487
21,-17.500888266849653,-126.18596932980135,3.041628437133702,-37.50416449882212,-3.317337934015086,63711.62362369304,-63714.94096162706
22,-16.67401271994877,-135.37892492005918,3.573535778227424,-35.956275451085986,-3.3191128141770605,58753.07560226881,-58756.39471508298
23,-15.714492946599531,-144.12330703984526,4.1009859646169105,-33.919380554609226,-3.3210722413641633,52530.41083906743,-52533.7319113088
24,-14.624763645882384,-152.3000176747105,4.613532038395398,-31.419878855380855,-3.323171996511519,45382.20593202494,-45385.52910402145
25,-13.409780992668747,-159.79741739838352,5.101460832328209,-28.490953954750417,-3.3253782482934184,37699.17119439693,-37702.496572645236
26,-12.076830493016516,-166.51295416647872,5.555862248757541,-25.172024339898964,-3.327665179473115,29902.42866130358,-29905.756326483068
27,-10.63531772668989,-172.3546465422207,5.968696889521427,-21.50812877783998,-3.330013162776595,22420.122573740893,-22423.452586903688
28,-9.096542440773803,-177.24240542510344,6.3328614336677145,-17.549249614132314,-3.332407379959477,15663.658318072161,-15666.990725452139
29,-7.473456718162371,-181.1091793501597,6.642250404627634,-13.349579048512014,-3.3348367924627382,10004.88380446111,-10008.218641253567
30,-5.780408320345067,-183.90190993286234,6.891812744558426,-8.966735309838693,-3.3372933900391217,5755.474126024468,-5758.811419414502
31,-4.032870695531914,-185.5822859571573,7.077601680104693,-4.460937127479768,-3.339771663857391,3149.6582518896694,-3152.9980235535186
32,-2.247161496588342,-186.1272868513431,7.196816586523155,0.10585397527188523,-3.342268264881568,2331.2418319861044,-2334.5841002509987
33,-0.4401517395055905,-185.5295087857691,7.247835863148819,4.670813227703321,-3.3447818239801563,3345.6429408255526,-3348.98772264953
34,1.371032063314876,-183.79726928171652,7.23024018429705,9.171143140282512,-3.34731292311335,6137.380782997866,-6140.728095920989
35,3.169310348382931,-180.95448897118538,7.144825866299966,13.544963915879462,-3.3498642196063884,10553.156286400159,-10556.506150619767
36,4.9379550623579025,-177.04035192399502,6.993608482936206,17.732192674992163,-3.3524407370423432,16350.354750403932,-16353.707191140973
37,6.66089395934517,-172.10874869327247,6.7798172600634565,21.67540073288078,-3.355050354555715,23210.50135548704,-23213.856405841565
38,8.32301243664819,-166.22750885281062,6.50788117462672,25.32063876090163,-3.35770453963778,30756.926908941074,-30760.284613480704
39,9.910450989617981,-159.47743223542858,6.183408051781468,28.618220568456547,-3.3604193948267493,38575.66876378494,-38579.02918317978
40,11.410896729223733,-151.95113024917075,5.813158253283676,31.52345748739538,-3.3632171106291935,46238.45313768048,-46241.816354791124
41,12.813867826993082,-143.75169045788334,5.40501469626915,33.99733696583222,-3.3661279472580645,53326.48970858523,-53329.855836532486
42,14.110990174938944,-134.9911789649151,4.967950776135421,36.007141017156954,-3.3691928895859746,59453.76326145891,-59457.132454348495
43,15.296265862865337,-125.78899592891598,4.511997004861525,37.527002620344525,-3.372467117442284,64288.53191876509,-64291.90438588253
44,16.36633307619899,-116.27009967689179,4.0482053203014585,38.53840091321337,-3.376024338649586,67571.83400682971,-67575.21003116836
45,17.320716336481894,-106.5631143296946,3.588606254246249,39.030598656454806,-3.379961680082488,69131.95768481701,-69135.33764649711
46,18.16206402006197,-96.79833475879839,3.146147227736699,39.00102692007753,-3.3844037930102786,68894.02544396433,-68897.40984775734
47,18.896365815287922,-87.10564160073497,2.7345885814676096,38.45561987975515,-3.3895021094649564,66884.07037707506,-66887.45987918453
48,19.533134850078348,-77.61233938484955,2.368316296310983,37.409092236984236,-3.3954188151401468,63227.20968335549,-63230.60510217063
49,20.085526218902128,-68.44093561801897,2.062008118384253,35.88512478002397,-3.4022725426839315,58139.73260811779,-58143.13488066047
50,20.570345358933217,-59.70689346175614,1.830060147875706,33.91766934349359,0.13662391756952275,51919.08362277336,-51918.94699885579
51,21.007727033621816,-51.505442432736274,1.6838598894834789,31.668427635916085,0.13442127125745174,45257.61118763992,-45257.476766368665
52,21.419972276115153,-43.88408738843009,1.6298276413535533,29.28244437309323,0.13232441350555746,38705.30489717188,-38705.172572758376
53,21.82715570944222,-36.869436548727606,1.6287337333082712,26.83360335880993,2.433889660089335,32521.27692563784,-32518.843035977752
54,22.234339142769286,-30.467285709025123,1.6287337333082712,24.383603358809932,2.433889660085697,26874.57988502025,-26872.145995360162
55,22.641522576096353,-24.67763486932264,1.6287337333082712,21.933603358809933,2.433889660089335,21768.10784440266,-21765.67395474257
56,23.04870600942342,-19.50048402962016,1.6287337333082712,19.483603358809933,2.433889660089335,17201.86080378507,-17199.426914124982
57,23.455889442750486,-14.935833189917677,1.6287337333082712,17.033603358809934,2.433889660087516,13175.83876316748,-13173.404873507392
58,23.863072876077553,-10.983682350215194,1.6287337333082712,14.583603358809935,2.433889660089335,9690.041722549891,-9687.607832889802
59,24.27025630940462,-7.6440315105127095,1.6287337333082712,12.133603358809935,2.433889660091154,6744.469681932302,-6742.0357922722105
60,24.677439742731686,-4.916880670810226,1.6287337333082712,9.683603358809936,2.4338896600920634,4339.1226413147115,-4336.688751654619
61,25.084623176058752,-2.802229831107742,1.6287337333082712,7.233603358809937,2.433889660092973,2474.0006006971216,-2471.5667110370287
62,25.49180660938582,-1.3000789914052577,1.6287337333082712,4.783603358809938,2.433889660092973,1149.1035600795306,-1146.6696704194376
63,25.898990042712885,-0.41042815170277325,1.6287337333082712,2.333603358809938,2.4338896600934277,364.4315194619395,-361.9976298018461
64,26.30617347603995,-0.1332773120002888,1.6287337333082712,-0.11639664119006188,2.433889660093456,119.9844788443482,-117.55058918425475
65,26.71335690936702,-0.46862647229780424,1.6287337333082712,-2.5663966411900616,2.433889660093371,415.7624382267568,-413.3285485666634
66,27.120540342694085,-1.4164756325953196,1.6287337333082712,-5.016396641190061,2.433889660092973,1251.7653976091651,-1249.3315079490721
67,27.52772377602115,-2.9768247928928346,1.6287337333082712,-7.466396641190061,2.433889660092973,2627.9933569915734,-2625.5594673314804
68,27.934907209348218,-5.14967395319035,1.6287337333082712,-9.91639664119006,2.4338896600920634,4544.446316373981,-4542.012426713889
69,28.342090642675284,-7.9350231134878655,1.6287337333082712,-12.36639664119006,2.433889660089335,7001.124275756388,-6998.690386096298
70,28.74927407600235,-11.33287227378538,1.6287337333082712,-14.816396641190059,2.433889660089335,9998.027235138796,-9995.593345478706
71,29.156457509329417,-15.343221434082896,1.6287337333082712,-17.26639664119006,2.433889660089335,13535.155194521205,-13532.721304861116
72,29.563640942656484,-19.96607059438041,1.6287337333082712,-19.71639664119006,2.433889660085697,17612.50815390361,-17610.074264243525
73,29.97082437598355,-25.20141975467793,1.6287337333082712,-22.166396641190058,2.433889660082059,22230.08611328602,-22227.652223625937
74,30.378007809310617,-31.049268914975443,1.6287337333082712,-24.616396641190057,2.433889660082059,27387.889072668426,-27385.455183008344
75,30.783158429249777,-37.50824338048135,1.6008073439970307,-27.046784170928408,0.9135121986546437,33034.10031636202,-33033.186804163364
76,31.170699691490952,-44.56620571976091,1.4837686924921067,-29.401649765198837,0.9133698301811819,38999.636030170645,-38998.72266034046
77,31.517071602360577,-52.200230644901296,1.271262156624803,-31.650489856461956,0.9138167275305022,45151.63270311904,-45150.71888639151
78,31.798417033358287,-60.3802290957802,0.9626032875119159,-33.75785824494813,-8.589627464963996,51323.38192688136,-51331.971554346324
79,31.98837212539459,-69.05257553519027,0.5357609243101247,-35.552831387617594,-8.5880114319516,56893.08867499731,-56901.67668642926
80,32.056241176505296,-78.12103831988159,-0.011601057614377797,-36.921068446991974,-8.586644640847226,61342.44434334018,-61351.03098798102
81,31.973828724234576,-87.47496465431438,-0.6637520511680395,-37.83214671786316,-8.585711893101688,64427.03514303094,-64435.62085492404
82,31.71703799011812,-96.99710865473929,-1.4037313959643791,-38.26379541127044,-8.585256047852454,65973.98254984098,-65982.56780588883
83,31.26610969588388,-106.5656964078176,-2.213877540570616,-38.20207088049481,-8.585251704862458,65893.47629953465,-65902.06155123953
84,30.60574357634136,-116.05650765100876,-3.0762397836915167,-37.64132854722675,-8.585647132771555,64184.97897031652,-64193.5646174493
85,29.725129275956508,-125.34493241670408,-3.9728962466129745,-36.58405919891418,-8.586384925598395,60937.9781425204,-60946.564527446
86,28.617906454944965,-134.30797398795576,-4.886206722591382,-35.040627587952116,-8.5874110077566,56327.42690520516,-56336.01431621291
87,27.28206727810313,-142.82617635221322,-5.799024099627277,-33.02893180197857,-8.588677932493738,50604.25574195143,-50612.84441988391
88,25.71980945034295,-150.78545748248138,-6.694880693439485,-30.573991318427435,-8.590145593945635,44081.56676873992,-44090.15691433387
89,23.937344727510673,-158.07883108236936,-7.5581592908900905,-27.70746704186375,-8.59178086128668,37117.32757840954,-37125.91935927083
90,21.944666019960973,-164.6080000552383,-8.37425388623336,-24.467115420208938,-8.593556831590831,30094.553931161423,-30103.147487993003
91,19.755275389369793,-170.28480552357104,-9.129721906664196,-20.896179259962473,-8.595452015288174,23400.095839087946,-23408.691291103227
92,17.385875053293116,-175.03251602879266,-9.812427794279351,-17.042719121724662,-8.597449590422912,17403.210642597543,-17411.808092187945
93,14.856023691549968,-178.78694269448576,-10.411676759387515,-12.958890642724553,-8.599536780093331,12435.113683442883,-12443.71322022297
94,12.187760713382843,-181.49736765084836,-10.918337048168237,-8.70017453513723,-8.601704372296808,8770.640437766404,-8779.242142138712
95,9.405201577170097,-183.1272748618203,-11.324948967908865,-4.324567222923961,-8.603946386399912,6613.0357856097735,-6621.639731996198
96,6.534107680615776,-183.6548746138696,-11.625819047970761,0.10825894746002618,-8.606259886728367,6082.712484113922,-6091.318744000659
97,3.6014347119971433,-183.0734152536956,-11.81709799607636,4.537816276022209,-8.608644944208208,7210.601172171179,-7219.209817115392
98,0.6348636431542647,-181.39127823467908,-11.896841480913405,8.903672968754318,-8.611104753770633,9936.46033004287,-9945.071434796642
99,-2.3376812649866894,-178.6318550811935,-11.86505319521057,13.146324828213675,-8.61364591869642,14112.240471633775,-14120.854117552488
100,-5.288522992569312,-174.83320743724596,-11.723710098410299,17.20805722259604,-8.616278923262144,19510.31753314683,-19518.933812070085
101,-8.19072640474019,-170.0475138610386,-11.476770174628063,21.033787573315145,-8.619018820289057,25836.141299426046,-25844.76031824632
102,-11.018592721497093,-164.34030938715955,-11.130163430402396,24.571879290538625,-8.621886167209595,32744.600543532048,-32753.222429699264
103,-13.748149744972173,-157.7895260275676,-10.691767138358104,27.774919083515332,-8.6249082449649,39859.20065865143,-39867.8255668964
104,-16.35763404269099,-150.48434424365513,-10.171366412669324,30.600450880851817,-8.628120579378447,46792.99299654911,-46801.621117128496
105,-18.827961532132008,-142.52386691876546,-9.5806009294328,33.01166119221579,-8.631568742726813,53170.095997741264,-53178.72756648398
106,-21.143183023194812,-134.01562843038724,-8.932897746681107,34.97801254203493,-8.635310299243429,58646.6110594536,-58655.24636975285
107,-23.290921064349273,-125.07395203646718,-8.243388393605427,36.475823390967186,-8.639416499310755,62929.76149155858,-62938.4009080579
108,-25.262783618957588,-115.8181690060346,-7.528805233775711,37.48879426296341,-8.643972762714839,65794.16715925171,-65802.81113201442
109,-27.054748263310337,-106.37071296363607,-6.807347072630996,38.0084797043808,-8.649075834269752,67094.30266225131,-67102.95173808558
110,-28.667507237833608,-96.855103309948,-6.098496818974864,38.034702634938895,-8.65482330629311,66772.36205906734,-66781.01688237365
111,-30.106758317236075,-87.3938333522158,-5.422765368869814,37.575899243623695,-8.661287665003329,64860.956469574805,-64869.6177572398
112,-31.38341901276111,-78.10618360167804,-4.801328564516448,36.64936619491073,-8.668463141584652,61480.295931289824,-61488.96439443141
113,-32.51373314162752,-69.10599073848151,-4.255524650077819,35.28135682116866,-8.676175052656617,56829.763313551986,-56838.43948860464
114,-33.51923250975712,-60.499419602083286,-3.8061983795953034,33.506945658920586,-8.683962934657757,51174.1149072611,-51182.79887019576
115,-34.42544832352274,-52.3784953282712,-3.457424821639508,31.42930668959789,-2.069204990832077,44988.979742374126,-44991.04894736496
116,-35.25391535701256,-44.79466378110044,-3.1820968026285064,29.22393129422818,-2.070718653681979,38887.37551579805,-38889.44623445173
117,-36.02223713921414,-37.77408256779968,-2.9754490628272934,26.927859675853547,-2.0709958728475613,33028.33157315727,-33030.40256903012
118,-36.7467993425725,-31.33610989299503,-2.8305393019671286,24.5671353809068,-2.0698193067910324,27520.024210370248,-27522.09402967704
119,-37.4417849959405,-25.494024576077162,-2.7368516627845625,22.164097003832254,-2.067418079608615,22443.18988587176,-22445.25730395137
120,-38.118429724003946,-20.256115817481536,-2.6815772611944313,19.73618870423102,-2.06442168065405,17851.8600529547,-17853.924474635354
121,-38.78465013662915,-15.6269703464517,-2.6512505885947566,17.295601036939598,-2.061566432885229,13777.512521062956,-13779.574087495841
122,-39.445079737504386,-11.608740179992616,-2.6333012378550738,14.849761729600997,-2.059377626681453,10235.236447584515,-10237.295825211197
123,-40.101442962745416,-8.202207171280373,-2.617164376600809,12.402410632209953,-2.058037811891154,7230.120248884626,-7232.178286696517
124,-40.75313491280278,-5.407546111101569,-2.5948121135049007,9.954873243021702,-2.0574537920465445,4762.464803505954,-4764.522257298
125,-41.397867077661004,-3.224779711002966,-2.5607730003818934,7.507210175965218,-2.0574022408763994,2831.2093343520273,-2833.2667365929037
126,-42.032271258551795,-1.6539811284952657,-2.511808528152439,5.059071957685731,-2.0576496300823237,1435.6526019813655,-1437.7102516114478
127,-42.65239790726984,-0.6953037956693734,-2.4464169032512815,2.610229662588554,-2.0580141420149403,575.9214550186836,-577.9794691606985
128,-43.25408202296771,-0.34891381695103296,-2.364284968896945,0.16083682124331355,-2.0583831654935807,252.7070353748857,-254.76541854037927
129,-43.833172816683636,-0.6148814466297878,-2.2657533523472773,-2.2884899281146214,-2.0587092794985438,466.68709821397454,-468.74580749347314
130,-44.38563417518856,-1.4930657624557853,-2.151319612089658,-4.736683136609019,-2.0590000150630203,1217.8954444499034,-1219.9544444649664
131,-44.907526207778886,-2.9830058598515388,-2.021183796089165,-7.182252667297611,-2.0593071112061807,2505.1471791514673,-2507.2064862626735
132,-45.39487852916969,-5.083814253107445,-1.8748374071114655,-9.623265626168665,-2.059714308477851,4325.501547670673,-4327.561261979151
133,-45.8434670983923,-7.794053773618968,-1.710705821346704,-12.057227096900531,-2.06031927150525,6673.6457853039865,-6675.706104575492
134,-46.24851095444664,-11.111568403259296,-1.5258711756410932,-14.480826831997547,-2.061205246995087,9541.01828623286,-9543.079491479855
135,-46.60431435868344,-15.03323263336406,-1.3159217599982262,-16.889541841965816,-2.0624028941765573,12914.47231694779,-12916.534719841966
136,-46.90389314280629,-19.55458583239752,-1.0749861185045104,-19.27712223070509,-2.063852819686872,16774.33664936348,-16776.400502183165
137,-47.13863833069595,-24.66933077233447,-0.7960037770269189,-21.635035185167204,-2.0653900440738653,21091.87662644088,-21093.942016484954
138,-47.29807942500531,-30.368700038141576,-0.4712502948430121,-23.951986599277262,-2.0667715462732303,25826.38825015562,-25828.455021701895
139,-47.36980700519456,-36.640727090957014,-0.09307367673863437,-26.213659003873918,-2.0677477909921436,30922.406148630682,-30924.473896421674
140,-47.33959489500723,-43.46949116298847,0.3452686821749831,-28.40277791915886,-2.0681475572491763,36307.665179457705,-36309.733327014954
141,-47.19172821946621,-50.834424787654804,0.8488264152033957,-30.499545145986996,-2.0679304001896526,41892.42421778607,-41894.49214818626
142,-46.908436579358906,-58.70761101518284,1.4377382771947156,-32.445855610357725,-0.392606333065487,47466.02869388517,-47466.42130021824
143,-46.460764613839224,-67.03056096939623,2.1664247955459546,-34.08064408216045,-0.389846370635496,52478.266385234434,-52478.65623160507
144,-45.8145522824184,-75.71768083243602,3.022967443366955,-35.35288034872574,-0.3868123004504014,56653.40165017388,-56653.78846247433
145,-44.94026276986981,-84.67387558132806,3.987560129363257,-36.22813008787634,-0.3838636948057683,59777.01204522202,-59777.39590891683
146,-43.81356984817121,-93.79637953285669,5.03845181660738,-36.67953621979521,-0.38123748201178387,61684.84683033943,-61685.22806782143
147,-42.4157520430389,-102.9766962727924,6.152667943655592,-36.68814569432963,-0.37906153066433035,62274.39107909601,-62274.770140626664
148,-40.73391791730661,-112.10259327622771,7.306639812273626,-36.2430270035135,-0.37738480074040126,61512.47962756697,-61512.857012367705
149,-38.761085428666235,-121.0601039959562,8.47674346727562,-35.34121891095521,-0.376206824395922,59438.56202649262,-59438.93823331702
150,-36.49613705920191,-129.7354998380258,9.63975651028728,-33.98754609156042,-0.37549996792222373,56163.51877066065,-56163.894270628574
151,-33.943669699259324,-138.01720233665802,10.773245488919235,-32.19432885721231,-0.37522407322830986,51864.193301888336,-51864.56852596157
152,-31.113754978058562,-145.79761154071954,11.85589700527641,-29.981005610078995,-0.37533524754690006,46774.03460360896,-46774.409938856494
153,-28.021622655923554,-152.97483041607555,12.86780374618868,-27.37368011929465,-0.37579075843677856,41170.443143575256,-41170.8189343337
154,-24.68727724809391,-159.4542675286562,13.790713730636504,-24.404601593757604,-0.37655153960804455,35359.57638676811,-35359.95293830772
155,-21.135056342980704,-165.15010197015084,14.60824819319083,-21.11158344510476,-0.37758331015356816,29659.494187506803,-29659.871770816957
156,-17.393138031804607,-169.9865958572579,15.306091155119875,-17.53736598648389,-0.37885693297721446,24382.603448672442,-24382.98230560543
157,-13.493004332407516,-173.89924106101168,15.872152011368835,-13.728928531022746,-0.380348383449018,19818.390963686856,-19818.771312070312
158,-9.468867309781878,-176.83572826565293,16.296701338790346,-9.73675701643461,-0.38203854870516807,16217.411027526885,-16217.793066075596
159,-5.357064632546541,-178.7567280898564,16.572479498046462,-5.614074105638646,-0.3839129832922481,13777.420714954771,-13777.80462793808
160,-1.1954314509912942,-179.6364758431855,16.69477733753466,-1.4160395210522685,-0.3859616947884206,12632.434122376926,-12632.820084071689
161,2.9773443400014585,-179.4631535192953,16.66148830516733,2.8010709416733794,-0.3881789998849854,12845.303593358165,-12845.691772358026
162,7.122376234887006,-178.23906480671857,16.47313144511683,6.980698764513193,-0.3905634753173217,14404.239668203782,-14404.630231679097
163,11.201235332073594,-175.98060117929344,16.13284503134188,11.066839164972784,-0.3931180150830187,17223.462805890053,-17223.855923905154
164,15.17660129059266,-172.71799945723865,15.646350909401129,15.00487132461938,-0.3958499983709771,21147.95071118261,-21148.34656118098
165,19.012900747758913,-168.49489355027958,15.021889929917263,18.742373198851514,-0.3987715628754813,25962.017858620973,-25962.41663018384
166,22.67692604576315,-163.36766535018435,14.27012910738112,22.22991208506984,-0.4018999640538823,31401.2509223067,-31401.652822270757
167,26.1384272927971,-157.40460187871048,13.404041265734216,25.42180269398517,-0.40525797806913033,37167.13685094378,-37167.54210892186
168,29.370670970991203,-150.68486777223123,12.43875786280543,28.27682519974723,-0.40887426186236553,42943.56932459537,-42943.97819885722
169,32.350958438687066,-143.2973039632248,11.391395326443423,30.75889656919816,-0.4127835089166183,48414.31225370764,-48414.72503721656
170,35.06109767230703,-135.33906499187165,10.28085447466097,32.83768926655852,-0.41702611147775315,53280.44122932941,-53280.85825544089
171,37.48782133795153,-126.91410877882348,9.127591310294795,34.489191993143926,-0.42164682377188,57276.777936047045,-57277.19958287081
172,39.62314363140244,-118.13155400829622,7.953355580985647,35.696207131354676,-0.42669158890203107,60186.37808529774,-60186.80477688666
173,41.46464711962478,-109.1039217024618,6.780890975518095,36.44877855321773,-0.43220120944897644,61852.22731995153,-61852.65952116098
174,43.015688923248575,-99.94527944046698,5.633587907574623,36.7445408345805,-0.43819997950049583,62185.436723543615,-62185.87492352312
175,44.28551296519003,-90.76930946655496,4.5350771386858755,36.58897610511272,-0.4446770610229578,61169.404368345335,-61169.84904540636
176,45.28925186493941,-81.68732622897818,3.5087511784261034,35.99555755707569,-0.45155912822519895,58859.61744045849,-58860.068999586714
177,46.04779891852645,-72.80627521903877,2.5772020094927273,34.98574986980685,-0.4586762789840577,55379.00988676906,-55379.46856304804
178,46.58752834501286,-64.22675344324335,1.7615690928795469,33.58882907229528,-0.46573126103612594,50909.065385258575,-50909.53111651961
179,46.9398413691138,-56.04110171257207,1.0807985589221558,31.84148163527907,-0.4722935401441646,45677.16352146521,-45677.63581500536
180,47.13915594084283,-48.32900834661317,0.5296045877369648,29.826511461617308,1.4086905134172412,40045.55701452033,-40044.148324006914
181,47.21034329733862,-41.136761789360094,0.05103455836997456,27.695441645738498,1.4081969878752716,34516.80416153945,-34515.39596455157
182,47.17007810716595,-34.48843575324969,-0.36279183461138603,25.478525645305833,1.40841702527905,29217.909913819545,-29216.501496794266
183,47.03387986895625,-28.40304981313617,-0.7175128736934127,23.19489898939239,1.4092673204177117,24233.317373341433,-24231.908106021016
184,46.81565792825236,-22.895164923756635,-1.0202455716461496,20.86101003063749,1.4105366078365478,19630.01882361697,-19628.608287009134
185,46.52744162932631,-17.97560411285667,-1.2787723856655355,18.490289666994713,1.4119539176081162,15458.673185267047,-15457.26123134944
186,46.179318031044076,-13.65220981729276,-1.5007204437857358,16.093185320124853,1.4132769857988023,11755.924901922534,-11754.511624936735
187,45.779560149171374,-9.930552945199882,-1.6928788263223216,13.67749628013329,1.4143553345220425,8547.28844461517,-8545.874089280647
188,45.334898279165834,-6.8145330982972965,-1.8607462820478862,11.248885931340089,1.4151456699146365,5849.991514010521,-5848.576368340607
189,44.85087244535872,-4.306843076103272,-2.008333279666685,8.811434007973817,1.4156882542665699,3675.3647327592416,-3673.949044504975
190,44.33220532076954,-2.409302045620487,-2.1381881962665097,6.368120757613333,1.4160674214044775,2030.616483578966,-2029.2004161575614
191,43.78314633343737,-1.1230830194285644,-2.2515917568121586,3.921182228536964,1.4163751159575213,920.0400978932358,-918.6237227772783
192,43.20775206096256,-0.4488696056653333,-2.348864030895078,1.4723214631020594,1.416684854445748,345.8201726854648,-344.40348783101905
193,42.61008022349685,-0.3869762877986973,-2.4297435245272276,-0.9772057000298626,1.417034681186749,308.6363058818782,-307.2192712006914
194,41.99428229420011,-0.9374588417683062,-2.493817047435988,-3.426589331075877,1.4174143698387525,808.2287059466419,-806.8112915768031
195,41.364583051272625,-2.1002292799880644,-2.540994042848053,-5.875492433349463,1.4177532875107772,1844.0127927061244,-1842.5950394186136
196,40.72513605132654,-3.8751739718453235,-2.5720244508203227,-8.324036567960048,1.4179099641164612,3415.7202552159156,-3414.302345251799
197,40.07974500769891,-6.262254448610558,-2.5890502157886597,-10.772662830715863,1.4176724850667597,5523.9050467873085,-5522.487374302242
198,39.431446579185845,-9.261548275057336,-2.5961527269998963,-13.221776076958587,1.4167889847176411,8169.991722501453,-8168.574933516736
199,38.78196513053821,-12.87316495150527,-2.5998104451923942,-15.67108991707783,1.4150514312659652,11355.393309303146,-11353.97825787188
200,38.13107878891128,-17.09695637400535,-2.6091225180473994,-18.118640177914898,1.4124344827905588,15079.16889949203,-15077.756465009239
201,37.47597781746002,-21.931945709024248,-2.635616401594275,-20.559543993544295,1.4092298010473314,19333.859536747623,-19332.450306946575
202,36.81073957633504,-27.375436983590937,-2.692491962640492,-22.98473884093549,1.4060508069633215,24099.647964970147,-24098.241914163184
203,36.12606519943153,-33.42184475592525,-2.7933018061254513,-25.380071050406688,1.4036184681790473,29337.77436767079,-29336.37074920261
204,35.4093950579107,-40.06137963622428,-2.950298203006144,-27.7261048398646,1.4024228473572293,34984.8517085021,-34983.449285654744
205,34.64543636992268,-47.27879744195735,-3.1728654986276337,-29.998825757728735,1.4025115019394434,40949.84800417278,-40948.44549267084
206,33.81702646028388,-55.05242411477594,-3.4664604638609116,-32.171093666682516,1.4035566077000112,47114.80271360868,-47113.39915700098
207,32.90584852799531,-63.3521682312231,-3.839157181150859,-34.18192733598894,12.918114080515807,53241.44779189845,-53228.52967781793
208,31.888296357957525,-72.11167843754706,-4.317890422061095,-35.82727169307997,12.921128061614581,58600.69086000134,-58587.76973193973
209,30.73941906354566,-81.23070588963925,-4.886325727754703,-37.05201192347062,12.923857433357625,62852.749501262704,-62839.82564382934
210,29.439399419408417,-90.59991624118864,-5.523498898791979,-37.82414462592881,12.925990899617318,65752.8730545661,-65739.94706366648
211,27.973705638090106,-100.1030830251271,-6.20820243691423,-38.12056521569928,12.927438422921114,67127.36714379402,-67114.4397053711
212,26.333074466079527,-109.619322982705,-6.9195817781852655,-37.927112057781436,12.928226567368256,66885.58984628266,-66872.66161971529
213,24.513364391837165,-119.02531552966906,-7.637579883143237,-37.23840972415039,12.928429878418683,65026.43033647915,-65013.50190660073
214,22.515314398039752,-128.19746577577857,-8.343253688690526,-36.057583751733915,12.92813479641336,61639.16526572191,-61626.23713092549
215,20.344236017496254,-137.01398498559044,-9.018996928729807,-34.39589054339511,12.927423546847422,56898.881634314464,-56885.95421076761
216,18.009658069943075,-145.35687028365962,-9.648700374668444,-32.27228359688152,12.926368255459238,51056.89683649538,-51043.97046823993
217,15.524936713378152,-153.1137688626218,-10.217872103482893,-29.71292393556167,12.925029714038828,44426.82416056233,-44413.899130848295
218,12.906838863424493,-160.17971303402936,-10.713732062922473,-26.750636474558092,12.923458039265824,37367.12729295229,-37354.203834913
219,10.17510431340094,-166.4587126137423,-11.125288794847133,-23.424312340408704,12.92169396855752,30261.170672539865,-30248.248978571326
220,7.351990500103218,-171.86519118043054,-11.443401882066096,-19.778257753938128,12.919770254346076,23495.89168870594,-23482.971918451585
221,4.461803322873363,-176.32525308419844,-11.660831093737622,-15.861491665131066,12.91771294164937,17440.28548378652,-17427.367770844896
222,1.5304173733803936,-179.7777688591317,-11.77227181775234,-11.726996172179057,12.915542453702074,12424.89703380067,-12411.981491346989
223,-1.41521087565497,-182.1752679245177,-11.774375767807985,-7.430925507818611,12.913274470745819,8723.456038093193,-8710.542763622449
224,-4.347533099419639,-183.4846290990996,-11.665755838191531,-3.0317808789384753,12.910920610069297,6537.669955838854,-6524.759035228781
225,-7.238898279608412,-183.68756143069362,-11.446974151388181,1.4104403548194675,12.908488920831587,5986.015164767359,-5973.106675846531
226,-10.062036705059434,-182.78087008227303,-11.120512675920727,5.835111790643475,12.905984207900474,7097.144930307903,-7084.238946099969
227,-12.790534421771374,-180.7765044378362,-10.690726205389367,10.181851425201437,12.903408194542862,9808.277635956398,-9795.374227761844
228,-15.399293742752093,-177.70138812230675,-10.163777934646749,14.391391185840394,12.900759525917238,13968.653497591353,-13955.752738065465
229,-17.864975542757897,-173.5970331974872,-9.5475583111561,18.40643229905271,12.898033613106236,19347.867885804157,-19334.969852191076
230,-20.166419284786116,-168.5189433309683,-8.851588250277864,22.172476513977717,12.895222305436619,25648.619819190775,-25635.72459688534
231,-22.285037042553157,-162.53581316845165,-8.08690815114667,25.63862373976928,12.892313378455583,32523.16998215445,-32510.277668776005
232,-24.205178175395133,-155.72853340455904,-7.265954391876317,28.758327465321535,12.889289821963757,39592.59713223721,-39579.70784241526
233,-25.91446174498999,-148.1890130766398,-6.402425053210664,31.490100399066257,12.886128919766634,46467.78613673636,-46454.900007816585
234,-27.404074182116393,-140.0188323382868,-5.511136414806252,33.79816406806259,12.882801137224305,52770.98335294263,-52758.1005518054
235,-28.669030028801217,-131.32774035369755,-4.607871127024524,35.65303757868947,12.87926890158269,58156.72042098194,-58143.841152080364
236,-29.70839365933471,-122.23201396793102,-3.7092176425609917,37.03206220349456,12.875485503464006,62330.93669535192,-62318.061209848456
237,-30.52545951346424,-112.85269348944236,-2.8323981611089777,37.919859578232646,12.871394670393784,65067.2203399171,-65054.348945246704
238,-31.127887253359344,-103.31371243052443,-1.9950785904929806,38.308721400567954,12.866932021745015,66219.23132678594,-66206.3643947642
239,-31.52778598123857,-93.73993877942125,-1.2151485189885673,38.19892640139998,12.862030917603988,65728.55538642476,-65715.69335550716
240,-31.741737786041483,-84.25514711449769,-0.5104520524121491,37.598974003573595,12.856637568562292,63627.453333864665,-63614.59669629611
241,-31.79074516229514,-74.97994501661836,0.10155689727857375,36.52571064673174,12.850743833798333,60036.20334234707,-60023.35259851327
242,-31.700079713455562,-66.02968593980931,0.6042641380850342,35.0043013676357,12.844449351221556,55154.98122231772,-55142.13677296649
243,-31.499003199755713,-57.5124165561888,0.9836841890301387,33.07405007365027,21.95134925392631,49268.7190286133,-49246.76767935937
244,-31.217142995454623,-49.51174768227597,1.2554906235001695,30.908146596624682,21.9497396396182,43060.04022348625,-43038.09048384663
245,-30.879208025019064,-42.06874741022745,1.4320741063250084,28.61746565429273,21.948567412437114,36945.457952428376,-36923.50938501594
246,-30.50900917007115,-35.21101022476772,1.5140188517187028,26.230842435310187,21.948212498122302,31065.720657724316,-31043.772445226194
247,-30.129012943953413,-28.958509847253794,1.519984904470941,23.785001510055707,20.243607164884452,25561.649292442733,-25541.40568527785
248,-29.749016717835676,-23.318509469739865,1.519984904470941,21.335001510055708,20.243607164884452,20587.16895947545,-20566.925352310565
249,-29.36902049171794,-18.291009092225938,1.519984904470941,18.88500151005571,20.24360716488809,16152.913626508167,-16132.670019343279
250,-28.989024265600204,-13.876008714712011,1.519984904470941,16.43500151005571,20.24360716488809,12258.883293540883,-12238.639686375995
251,-28.609028039482467,-10.073508337198083,1.519984904470941,13.98500151005571,20.24360716488991,8905.0779605736,-8884.83435340871
252,-28.22903181336473,-6.883507959684156,1.519984904470941,11.53500151005571,20.243607164891728,6091.497627606318,-6071.254020441426
253,-27.849035587246995,-4.306007582170228,1.519984904470941,9.085001510055712,20.243607164893092,3818.1422946390344,-3797.8986874741413
254,-27.46903936112926,-2.3410072046563,1.519984904470941,6.635001510055712,20.243607164893092,2085.01196167175,-2064.768354506857
255,-27.089043135011522,-0.9885068271423723,1.519984904470941,4.185001510055713,20.24360716489366,892.1066287044661,-871.8630215395724
256,-26.709046908893786,-0.24850644962844393,1.519984904470941,1.7350015100557132,20.243607164893774,239.42629573718133,-219.18268857228756
257,-26.32905068277605,-0.12100607211451564,1.519984904470941,-0.7149984899442865,20.243607164893746,126.97096276989656,-106.72735560500281
258,-25.949054456658313,-0.6060056946005874,1.519984904470941,-3.1649984899442862,20.243607164893547,554.7406298026117,-534.4970226377181
259,-25.569058230540577,-1.703505317086659,1.519984904470941,-5.614998489944286,20.243607164893092,1522.7352968353266,-1502.4916896704335
260,-25.18906200442284,-3.4135049395727304,1.519984904470941,-8.064998489944285,20.243607164892637,3030.9549638680414,-3010.711356703149
261,-24.809065778305104,-5.7360045620588025,1.519984904470941,-10.514998489944285,20.243607164891728,5079.399630900756,-5059.156023735864
262,-24.429069552187368,-8.671004184544874,1.519984904470941,-12.964998489944284,20.24360716488991,7668.069297933469,-7647.825690768579
263,-24.04907332606963,-12.218503807030944,1.519984904470941,-15.414998489944283,20.24360716488991,10796.963964966184,-10776.720357801294
264,-23.669077099951895,-16.378503429517014,1.519984904470941,-17.864998489944284,20.24360716488991,14466.083631998898,-14445.840024834008
265,-23.28908087383416,-21.151003052003084,1.519984904470941,-20.314998489944283,20.243607164891728,18675.428299031613,-18655.18469186672
266,-22.909084647716423,-26.536002674489154,1.519984904470941,-22.764998489944283,20.24360716488809,23424.997966064326,-23404.754358899438
267,-22.529088421598686,-32.53350229697523,1.519984904470941,-25.214998489944282,20.243607164877176,28714.792633097033,-28694.549025932156
268,-22.14909219548095,-39.1435019194613,1.519984904470941,-27.66499848994428,20.243607164877176,34544.81230012975,-34524.56869296487
269,-21.769095969363214,-46.36600154194737,1.527439215782812,-30.106723793024006,27.77704163348244,40893.654964830705,-40865.87792319722
270,-21.37771701565532,-54.18761949565453,1.6191109324934085,-32.44440965443701,27.77803360922553,47486.75571164902,-47458.977678039795
271,-20.951996152017774,-62.575921832892085,1.8013298993111277,-34.62290074117284,23.949330751303933,54089.55203126666,-54065.60270051536
272,-20.469974694294248,-71.46810814459187,2.0679954087531844,-36.44164106856119,23.951573706122872,59952.141395121136,-59928.18982141501
273,-19.912001644932598,-80.75869854584236,2.4065386445328367,-37.80445828907056,23.95296446235443,64573.58226499676,-64549.629300534405
274,-19.261936803479557,-90.32981974964366,2.802256259414799,-38.681698513757404,23.953533796753618,67685.6898023693,-67661.73626857255
275,-18.50734032778643,-100.05730564027255,3.2403491706459815,-39.05268035669824,23.953407287437585,69102.52676055678,-69078.57335326934
276,-17.63943182178604,-109.81293601413596,3.7064020476505553,-38.90562596987622,23.95272293270682,68732.33167110308,-68708.37894817037
277,-16.652955726322354,-119.46663760811627,4.1866666027556,-38.2374450480089,23.951602148081292,66583.36714689583,-66559.41554474775
278,-15.54599253043856,-128.88862040388847,4.668222647795109,-37.05343987834844,23.950143611058593,62763.73692784965,-62739.78678423859
279,-14.319739079906595,-137.95143310617965,5.139071541460327,-35.366955475453196,23.948424987203907,57475.42181599213,-57451.47339100493
280,-12.978270233819472,-146.531924765919,5.588196205991462,-33.19897834129706,23.946506594482344,51003.00448841558,-50979.0579818211
281,-11.528287607899705,-154.51309931590797,6.005606606273521,-30.577680228320155,23.944435012090253,43697.78274846229,-43673.83831345021
282,-9.97885774701126,-161.7858487042534,6.382379780208004,-27.53790255092985,23.94224610720994,35958.18818534925,-35934.24593924204
283,-8.341140579457605,-168.25054942769273,6.710697805147401,-24.12057897665504,23.93996743502794,28207.610784047843,-28183.67081661281
284,-6.628108582845218,-173.8185069761559,6.9838840402532005,-20.372096380380285,23.937620094482554,20870.86262486431,-20846.925004769844
285,-4.85425721264539,-178.41323307793783,7.19643653258484,-16.343596963015816,23.935220143699553,14350.583720565966,-14326.648500422249
286,-3.0353075048380402,-181.97154162928564,7.344056926987818,-12.090226623701309,23.9327796639991,9004.893838168218,-8980.96105850421
287,-1.1879021933415823,-184.44445070823983,7.423673163410141,-7.670336556676756,23.930307544389507,5127.524375842249,-5103.594068297854
288,0.6707029091438539,-185.79788000896397,7.43345444401306,-3.1446465294022623,23.927810039749602,2931.527104474464,-2907.599294434738
289,2.5229501776036845,-186.0131352944552,7.3728172763051605,1.4246205787461443,23.925291141611524,2537.459027242688,-2513.5337361010606
290,4.351291747536833,-185.0871739662067,7.2424217783358875,5.974622603197212,23.92275278523448,3966.695480967705,-3942.7727281824627
291,6.138498899534637,-183.03264851066214,7.044157832180426,10.44278941852043,23.920194903883385,7140.2404681904,-7116.3202732865175
292,7.867966707955586,-179.8777273313612,6.781121074555112,14.767710681849099,23.917615331622073,11883.099681475896,-11859.182066144276
293,9.524011452862808,-175.66569524302398,6.457579108333607,18.89000898058718,23.915009538526647,17933.974525217294,-17910.05951567876
294,11.092158438094417,-170.4543386210042,6.078928697183105,22.753187707935723,23.912370172824012,24959.741624009708,-24935.829253836884
295,12.559418093282796,-164.3151227969835,5.651645054044736,26.304443611556174,23.90968636306934,32573.918048870102,-32550.00836250704
296,13.914548553496457,-157.33217169660475,5.183224627163367,29.49543488346024,23.906942716508638,40358.09234250343,-40334.18539978693
297,15.148303287564278,-149.6010618486568,4.682122975541099,32.28299690850864,23.904117923637386,47885.13742287909,-47861.23330495544
298,16.2536627484817,-141.2274446731021,4.157689316655703,34.62979939420808,23.90118285655626,54742.92239416172,-54719.02121130517
299,17.2260493783235,-132.32551228467844,3.6200989550046527,36.50494058634836,23.89809802750824,60557.21116455823,-60533.313066530725
300,18.06352549082025,-123.01632283717734,3.0802837639800553,37.88447661092631,23.89481028994487,65012.47722677078,-64988.582416480844
301,18.766973354011434,-113.42600160658914,2.5498586909937666,38.751886526850825,23.891248774685664,67869.47199302816,-67845.58074425346
302,19.34025581708246,-103.68383356358058,2.0410380704129,39.09847598132342,23.887320432957495,68978.54972101496,-68954.66240058202
303,19.79035343086111,-93.92026229462743,1.566528149272439,38.92372333153276,23.882906625804026,68287.9611794477,-68264.07827282189
304,20.127469215195237,-84.26480939466558,1.1393701448886409,38.23556932624087,23.877864898880944,65846.56167129759,-65822.68380639871
305,20.365083689849296,-74.84392933836129,0.7726902592158225,37.050640200233524,23.87204619453405,61800.61452677313,-61776.7424805786
306,20.519929157563325,-65.7788203960512,0.4792909672255723,35.394366237843656,23.865349362393317,56384.589654444186,-56360.72430508179
307,20.611833411557917,-57.183227862239725,0.27086193157240357,33.31388446416024,23.190410576215072,49944.971892482645,-49921.78148190643
308,20.66310489337955,-49.138834702196235,0.15531151652875846,31.016499816904087,23.188630398493842,43292.132215163,-43268.94358476451
309,20.69773287569129,-41.68601676203185,0.13287440514711318,28.592555044873762,22.766897963476367,36789.83368207557,-36767.066784112096
310,20.730951476978067,-34.844128000813406,0.13287440514711318,26.142555044873763,22.766897963480005,30755.28779468091,-30732.52089671743
311,20.764170078264844,-28.614739239594964,0.13287440514711318,23.692555044873764,22.766897963480005,25260.96690728624,-25238.20000932276
312,20.79738867955162,-22.997850478376524,0.13287440514711318,21.242555044873765,22.766897963480005,20306.871019891576,-20284.104121928096
313,20.830607280838397,-17.993461717158084,0.13287440514711318,18.792555044873765,22.766897963480005,15893.000132496913,-15870.233234533433
314,20.863825882125173,-13.601572955939643,0.13287440514711318,16.342555044873766,22.766897963481824,12019.354245102248,-11996.587347138766
315,20.89704448341195,-9.822184194721201,0.13287440514711318,13.892555044873767,22.766897963483643,8685.933357707583,-8663.1664597441
316,20.930263084698726,-6.65529543350276,0.13287440514711318,11.442555044873767,22.766897963483643,5892.737470312918,-5869.970572349434
317,20.963481685985503,-4.100906672284317,0.13287440514711318,8.992555044873768,22.766897963485462,3639.766582918254,-3616.9996849547683
318,20.99670028727228,-2.1590179110658756,0.13287440514711318,6.542555044873769,22.766897963485462,1927.020695523588,-1904.2537975601026
319,21.029918888559056,-0.8296291498474333,0.13287440514711318,4.0925550448737695,22.76689796348603,754.4998081289223,-731.7329101654362
320,21.063137489845833,-0.11274038862899083,0.13287440514711318,1.6425550448737698,22.766897963486272,122.2039207342562,-99.43702277076993
321,21.09635609113261,-0.008351627410548401,0.13287440514711318,-0.8074449551262299,22.766897963486247,30.13303333958994,-7.366135376103691
322,21.129574692419386,-0.5164628661921059,0.13287440514711318,-3.2574449551262297,22.76689796348603,478.2871459449235,-455.5202479814375
323,21.162793293706162,-1.6370741049736632,0.13287440514711318,-5.707444955126229,22.766897963485917,1466.666258550257,-1443.899360586771
324,21.19601189499294,-3.3701853437552205,0.13287440514711318,-8.157444955126229,22.766897963485007,2995.27037115559,-2972.503473192105
325,21.229230496279715,-5.715796582536778,0.13287440514711318,-10.607444955126228,22.766897963484553,5064.099483760923,-5041.332585797439
326,21.262449097566492,-8.673907821318334,0.13287440514711318,-13.057444955126227,22.766897963483643,7673.153596366255,-7650.386698402772
327,21.29566769885327,-12.244519060099892,0.13287440514711318,-15.507444955126227,22.766897963481824,10822.432708971588,-10799.665811008106
328,21.328886300140045,-16.427630298881446,0.13287440514711318,-17.957444955126228,22.766897963485462,14511.936821576923,-14489.169923613437
329,21.36210490142682,-21.223241537663004,0.13287440514711318,-20.407444955126227,22.766897963483643,18741.665934182256,-18718.899036218772
330,21.395323502713598,-26.63135277644456,0.13287440514711318,-22.857444955126226,22.766897963483643,23511.62004678759,-23488.853148824106
331,21.428542104000375,-32.65196401522612,0.13287440514711318,-25.307444955126225,22.766897963476367,28821.79915939292,-28799.032261429442
332,21.46176070528715,-39.28507525400768,0.13287440514711318,-27.757444955126225,22.766897963476367,34672.20327199825,-34649.436374034776
333,21.494979306573928,-46.530686492789236,0.12564772456031612,-30.199341266092343,28.156997784295527,41040.72001154678,-41012.56301376248
334,21.516815449181408,-54.375316220766905,0.032640949429968785,-32.53485532441818,28.15756146897911,47633.30443855808,-47605.1468770891
335,21.50333390670103,-62.78536717932476,-0.15612413461046104,-34.7046160426602,26.969950189355586,54199.56372362439,-54172.59377343503
336,21.43106530859129,-71.69578023850204,-0.4366384056400939,-36.50506695160243,26.97170977861242,59976.475480721514,-59949.5037709429
337,21.278187568086476,-80.99958211157737,-0.7989690004088768,-37.846291262184266,26.972689353118767,64484.10511945647,-64457.132430103346
338,21.025815083798676,-90.5782441244982,-1.230413159778332,-38.69996009293085,26.97294157896249,67464.03724821882,-67437.06430663986
339,20.65832665906457,-100.30724693685072,-1.7176590544405397,-39.04648622223261,26.97258336804225,68741.02975186362,-68714.05716849558
340,20.16345212857136,-110.05826417944019,-2.2472743141487013,-38.87497973551415,26.971736251056427,68234.14310758509,-68207.17137133403
341,19.53226103568194,-119.70131640997312,-2.8060138696831283,-38.18306843268082,26.970505880730343,65961.91929472382,-65934.94878884309
342,18.75908953934281,-129.1068693986265,-3.381016209862012,-36.97663749549104,26.968978049219004,62041.634598793666,-62014.66562074445
343,17.84142686527563,-138.14785943979157,-3.9599372892068407,-35.269507452597516,26.967220417878707,56682.866667747716,-56655.89944732982
344,16.7797727258817,-146.70163082868814,-4.531052686659739,-33.083053363318385,26.96528565355402,50175.84862302563,-50148.883337372084
345,15.57747128374006,-154.65177053950515,-5.083345101424156,-30.44576271262713,26.96321449059178,42875.31890581962,-42848.35569132904
346,14.24052413168549,-161.88982440742632,-5.606585622062673,-27.39272919215357,26.96103831162327,35180.7936719482,-35153.832633636586
347,12.777383351273306,-168.31687860675004,-6.091412100048517,-23.965081303142057,26.95878120334237,27514.369045747193,-27487.41026454384
348,11.198725266715886,-173.84499024331248,-6.529405151620325,-20.209347084953986,26.95646155043505,20297.287855536488,-20270.331393986038
349,9.517205578971655,-178.39845150078676,-6.913160899223257,-16.176758602512308,26.95409324785578,13926.56906261274,-13899.614969364891
350,7.747196874453205,-181.91487295163716,-7.236358963632007,-11.9225018731466,26.951686606626026,8752.992388457467,-8726.040701850841
351,5.904509899623728,-184.34607328303122,-7.493824077496104,-7.504919609093119,26.949249010009225,5061.654793953484,-5034.705544943485
352,4.006100389596644,-185.65876470733,-7.681579805728753,-2.984675497198003,26.946785365405958,3056.173026090927,-3029.2262407255475
353,2.069763587807916,-185.83502564084895,-7.796893112576046,1.576110245765821,26.94429838110227,2847.4049572084705,-2820.460658827389
354,0.11381886865948165,-184.8725547643188,-7.838308846227585,6.1147435917288995,26.94178868594463,4447.312864264767,-4420.37107557882
355,-1.843212938756864,-182.78470325006032,-7.805673585746254,10.568846818357876,26.939254796685418,7768.307843870857,-7741.368589074176
356,-3.7829368383977515,-179.60028468402004,-7.700148693869194,14.877245000662107,26.936692925839452,12628.111892283949,-12601.175199358113
357,-5.687412891287311,-175.36316495669425,-7.524212831838484,18.980837980037226,26.934096611541463,18759.869512345194,-18732.935415733635
358,-7.539484816737383,-170.13163707620492,-7.28165460839503,22.823447321880188,26.931456132471794,25826.950867077023,-25800.019410944544
359,-9.32310563061217,-163.97758839725185,-6.977556438020762,26.352628478172765,26.92875765671488,33441.62946994652,-33414.70071228981
360,-11.02365829550218,-156.98547008423594,-6.618271042275184,29.520439398022923,26.925982050655875,41186.6034228613,-41159.67744081063
361,-12.628269751036932,-149.2510806513488,-6.211392282536292,32.28415820876757,26.92310325341532,48638.17194013287,-48611.248836879444
362,-14.126117125540402,-140.88017705444116,-5.765722049871471,34.60694435505106,26.920086098325555,55389.78667574887,-55362.86658965054
363,-15.508725325448395,-131.98692795037562,-5.291234553625082,36.45843974581677,26.9168834642187,61074.674631037255,-61047.75774757302
364,-16.770255410288414,-122.69222429474675,-4.799038187178474,37.815308961999364,26.91343268721539,65386.276173606,-65359.36274091878
365,-17.907782925287396,-113.12186235764806,-4.301332611146738,38.66172017986637,26.909651376423426,68095.35312741005,-68068.44347603363
366,-18.921564228823797,-103.40461354502963,-3.8113538547803967,38.989770503648685,26.90543340764998,69062.78799600941,-69035.88256260176
367,-19.815286089826653,-93.67019442859609,-3.3432918278757406,38.7998593346828,26.900647535541793,68247.30080868807,-68220.40016115253
368,-20.596288380459267,-84.04714999078823,-2.912151378467377,38.10100804191022,26.89514506206615,65707.53477573676,-65680.6396306747
369,-21.275740288185325,-74.66066527235921,-2.5335099312384526,36.91110770771928,26.888791417804896,61598.18451521419,-61571.29572379638
370,-21.868736341455683,-65.63032920362038,-2.223106511315228,35.257040283744566,26.88155029817426,56160.04914586077,-56133.16759556259
371,-22.394261340955,-57.067895556823665,-1.9956368765309829,33.18784166127987,24.929058134235675,49743.69303047193,-49718.76397233769
372,-22.873887023614152,-49.05242907183608,-1.8562934523852404,30.912628901529416,24.92676608068723,43156.640294326804,-43131.71352824612
373,-23.330045206045632,-41.621841406275394,-1.8083725860827742,28.514400133385934,24.924849067581818,36735.35518696209,-36710.43033789451
374,-23.782069742143484,-34.79942546734019,-1.8080981443914024,26.064663755740796,25.52293978702437,30718.61620198108,-30693.093262194056
375,-24.234094278241336,-28.589509528404992,-1.8080981443914024,23.614663755740796,25.522939787028008,25241.470343840236,-25215.947404053208
376,-24.68611881433919,-22.992093589469793,-1.8080981443914024,21.164663755740797,25.522939787031646,20304.54948569939,-20279.02654591236
377,-25.13814335043704,-18.007177650534594,-1.8080981443914024,18.714663755740798,25.522939787033465,15907.853627558547,-15882.330687771513
378,-25.590167886534893,-13.634761711599396,-1.8080981443914024,16.2646637557408,25.522939787033465,12051.382769417702,-12025.859829630668
379,-26.042192422632745,-9.874845772664196,-1.8080981443914024,13.8146637557408,25.522939787033465,8735.136911276855,-8709.613971489822
380,-26.494216958730597,-6.727429833728996,-1.8080981443914024,11.3646637557408,25.522939787035284,5959.11605313601,-5933.593113348975
381,-26.94624149482845,-4.192513894793796,-1.8080981443914024,8.9146637557408,25.522939787035284,3723.320194995164,-3697.7972552081287
382,-27.3982660309263,-2.2700979558585965,-1.8080981443914024,6.464663755740801,25.522939787035284,2027.7493368543178,-2002.2263970672825
383,-27.850290567024153,-0.9601820169233961,-1.8080981443914024,4.014663755740802,25.522939787035853,872.4034787134714,-846.8805389264355
384,-28.302315103122005,-0.2627660779881955,-1.8080981443914024,1.5646637557408023,25.52293978703605,257.2826205726245,-231.75968078558847
385,-28.754339639219857,-0.17785013905299496,-1.8080981443914024,-0.8853362442591974,25.52293978703605,182.38676243177764,-156.8638226447416
386,-29.20636417531771,-0.7054342001177943,-1.8080981443914024,-3.335336244259197,25.522939787035853,647.7159042909306,-622.1929645038947
387,-29.65838871141556,-1.8455182611825935,-1.8080981443914024,-5.785336244259197,25.52293978703574,1653.2700461500835,-1627.7471063630478
388,-30.110413247513414,-3.598102322247393,-1.8080981443914024,-8.235336244259196,25.522939787035284,3199.0491880092363,-3173.526248222201
389,-30.562437783611266,-5.963186383312192,-1.8080981443914024,-10.685336244259195,25.522939787034375,5285.053329868389,-5259.530390081354
390,-31.014462319709118,-8.94077044437699,-1.8080981443914024,-13.135336244259195,25.522939787031646,7911.282471727539,-7885.759531940507
391,-31.46648685580697,-12.53085450544179,-1.8080981443914024,-15.585336244259194,25.522939787031646,11077.73661358669,-11052.213673799659
392,-31.918511391904822,-16.73343856650659,-1.8080981443914024,-18.035336244259195,25.522939787033465,14784.415755445847,-14758.892815658814
393,-32.370535928002674,-21.548522627571387,-1.8080981443914024,-20.485336244259194,25.522939787031646,19031.319897305,-19005.796957517967
394,-32.822560464100526,-26.976106688636186,-1.8080981443914024,-22.935336244259194,25.522939787028008,23818.44903916415,-23792.92609937712
395,-33.27276170605355,-33.01516229740887,-1.7829940071301196,-25.370590344389367,24.435725352821464,29108.06649235282,-29083.630767
396,-33.70701649769871,-39.656421432893154,-1.6763919487299939,-27.74741534467242,24.434985987834807,34772.82067239881,-34748.38568641098
397,-34.10340997773676,-46.88172863163326,-1.4793964591535345,-30.03850647120929,24.435050103951653,40702.52182069072,-40678.08677058677
398,-34.43896571321753,-54.66625552177719,-1.1895855909739121,-32.21659889285122,24.43562583829771,46769.59611455019,-46745.160488711896
399,-34.69024003283688,-62.97712347168077,-0.8006770671031826,-34.22375849821459,38.938063488290936,52735.802827945525,-52696.864764457234
400,-34.82785960215754,-71.74534930461307,-0.27868457237398625,-35.853421261724584,38.93969203440065,57849.54665677037,-57810.60696473597
401,-34.81943359059009,-80.86804705753197,0.36493955873791717,-37.05418699849752,38.941106109676184,61791.567975051956,-61752.62686894229
402,-34.63668046196872,-90.23430666923272,1.1129523723235237,-37.797902151421916,38.94212767278077,64346.403151418664,-64307.461023745884
403,-34.25578033169191,-99.72719285725942,1.9469938249184358,-38.064557767674046,38.94270522410807,65371.56043512893,-65332.61772990483
404,-33.65759055846834,-109.2258009871767,2.848079713468097,-37.84241130337547,38.942851857776986,64807.18430886487,-64768.24145700709
405,-32.82775027893982,-118.6073194499139,3.7969989844098104,-37.12792801532061,38.94260836772446,62680.510799929725,-62641.56819156201
406,-31.756695807713765,-127.7490607116331,4.774633160738395,-35.92559585402317,38.94202392081206,59105.05016788034,-59066.10814395953
407,-30.439603579213184,-136.53043372308974,5.76222011275143,-34.24764517219104,38.941146885219496,54274.69712106439,-54235.75597417918
408,-28.87627208952476,-144.83483613994352,6.741580951830654,-32.11368930579021,38.94002095522592,48453.20795515097,-48414.267934195756
409,-27.070950298674056,-152.55144763865562,7.695323170076793,-29.550293600230898,38.93868386404938,41959.70327482956,-41920.764590965526
410,-25.03211734846746,-159.57690695754016,8.607027920394023,-26.590476679124723,38.937167289550416,35151.04708404831,-35112.10991675877
411,-22.772217000909745,-165.81685607786204,9.4614253690868,-23.273146779080257,38.93549726047786,28402.10689569358,-28363.171398433115
412,-20.307349578192415,-171.18733570659361,10.244559377199186,-19.642476463915756,38.93369472504128,22085.00453107999,-22046.070836354964
413,-17.656924094922726,-175.616017185064,10.943941124236188,-15.747220167200942,38.93177611977444,16548.515564627163,-16509.583788507356
414,-14.843273494742544,-179.04325722441598,11.548690391336875,-11.639980334075162,38.929753862146754,12098.762636967593,-12059.832883105439
415,-11.891236281298797,-181.42296347266162,12.049662832737283,-7.376429201018557,38.9276367315033,8982.27369631303,-8943.346059581527
416,-8.82770826355235,-182.72326081896765,12.439561510959097,-3.0144943469958063,38.925430122733815,7372.344003885209,-7333.418573762465
417,-5.681168549798334,-182.92695048757895,12.71303113357396,1.3864829837189792,38.92313616321189,7359.457305031339,-7320.534168868093
418,-2.481184280180496,-182.03175630612893,12.866733728032806,5.7666071716611835,38.92075368599035,8946.296779515804,-8907.376025829813
419,0.7421011429841258,-180.05035498653035,12.899404871910612,10.06629515734738,38.91827804665081,12047.622490993794,-12008.704212947167
420,3.958491399497172,-177.0101897647075,12.811890019347258,14.227140970152945,38.91570077155484,16495.02297236045,-16456.107271588902
421,7.1382671819402175,-172.95306924006576,12.607160895900819,18.19276799164413,38.91300901534851,22046.27908738148,-22007.366078366147
422,10.252717768774172,-167.93455566697097,12.29031233540994,21.90965956941096,38.91018480446655,28398.82318872349,-28359.913003919006
423,13.274669431747133,-162.0231492068733,11.868540252810982,25.327959363225556,38.90720404422609,35206.54979570099,-35167.64259165675
424,16.17900606770881,-155.29927667803318,11.351101610486396,28.402233863127645,38.904035276704235,42099.047828432165,-42060.14379315548
425,18.943177652945973,-147.85409506857312,10.749257126768226,31.092190852373076,38.90063821195508,48702.188734999625,-48663.28809678767
426,21.547692247350284,-139.78812144500804,10.076196918373729,33.36334913808434,38.89696213782008,54658.92645214008,-54620.029490002256
427,23.976587184138697,-131.20970185427004,9.3469480094286,35.18765649132717,38.892944495164556,59649.14728991701,-59610.25434542184
428,26.217874551943225,-122.233332400182,8.578260337402302,36.54405411006446,38.88851028677891,63407.44985470059,-63368.56134441381
429,28.263954800285422,-112.9778460056135,7.788464150116298,37.41898643359601,38.88357374239422,65737.83237908802,-65698.94880534563
430,30.111989876996905,-103.56447878509005,6.997286227345267,37.80685373314552,38.878045059449505,66524.40916860849,-66485.53112354904
431,31.76422331331867,-94.11483112124489,6.225605364628412,37.71039995127507,38.87184731307207,65737.45919885476,-65698.58735154168
432,33.2282288658819,-84.74874159833603,5.495120435488383,37.141017762171174,38.86495140563056,63434.31970546965,-63395.454754064005
433,34.51706207447247,-75.58209848165734,4.8279007642775085,36.11893549193964,38.85743753395218,59754.87570872738,-59716.01827119342
434,35.649282034045825,-66.72462498526735,4.245794844449269,34.67322865030964,38.849582239068695,54911.68015040123,-54872.83056816216
435,36.64880712309161,-58.27769118407414,3.769695675828578,32.84158292042233,38.84193735504232,49175.10783933014,-49136.26590197509
436,37.54239204972525,-50.32531184262468,3.3910876662297977,30.754249935927728,44.73675628631463,43079.551410670494,-43034.81465438418
437,38.34996715241976,-42.909691349148375,3.0804549232847647,28.554691774676424,44.73575836791133,37118.68311965233,-37073.947361284416
438,39.08787783505876,-36.054912116878924,2.8327439383417463,26.271690007812925,44.735994772232516,31420.17603390732,-31375.440039135086
439,39.7709370241245,-29.778830030247832,2.640070255200133,23.928731659746482,44.73746567872877,26079.937640844575,-26035.200175165846
440,40.41162071888573,-24.093895397933206,2.491813286656359,21.545395874847,44.73979628424786,21168.594758674408,-21123.85496239016
441,41.0195434763647,-19.00823569296933,2.375944496398155,19.136626650282828,44.742382067852304,16733.501631102583,-16688.75924903473
442,41.601289767541736,-14.526827096016042,2.2804844340146695,16.712753700662205,44.744655054439136,12803.253548075165,-12758.508893020726
443,42.16058799867019,-10.652575521885698,2.194735721858343,14.280160228307338,44.74628396839944,9393.292846571929,-9348.54656260353
444,42.6987394563261,-7.387178255088584,2.1100674801450037,11.842316656978943,44.747209633530474,6511.178185871689,-6466.430976238158
445,43.21518133477244,-4.731714556883679,2.020210412437596,9.400868192068046,44.74755845252548,4160.590779382111,-4115.843220929585
446,43.70807153649333,-2.68698235325755,1.921158393163902,6.9565517048637115,44.747528528762814,2343.8007537329845,-2299.0532252042217
447,44.17481489779334,-1.2536385566706094,1.8108225341989788,4.509842815989474,44.74730813664928,1062.7992213882605,-1018.0519132516113
448,44.61248591393069,-0.43221194485599435,1.6885673095935976,2.061334374148814,44.7470370534117,319.51615324840395,-274.76911619499225
449,45.01813015363872,-0.22304942033238617,1.5547143699789954,-0.3880973500413738,44.74679682224428,115.54903463977443,-70.80223781753016
450,45.3889424242146,-0.6262394712254677,1.4100570518832558,-2.837263707813976,44.74661382581121,451.7246806759805,-406.9780668501693
451,45.72232657179097,-1.6415377452375306,1.2553998228481198,-5.284697719841425,44.746465500724526,1327.6826417386912,-1282.9361762379667
452,46.015843426301636,-3.2683019614386275,1.0911239205526797,-7.728684262926542,44.746286938715,2741.540033070479,-2696.793746131764
453,46.26705354825572,-5.505427661549026,0.9167811685522442,-10.167227421641268,44.74598026015792,4689.585051947377,-4644.839071687219
454,46.47326319812515,-8.351262571076253,0.7307297032309701,-12.597904497422077,44.74543227807408,7165.8523631408125,-7121.106930862738
455,46.63118771909695,-11.803466227007537,0.5298449975731327,-15.017569636334846,44.74454599449746,10161.366007662882,-10116.621461668385
456,46.73655766703003,-15.858775094718652,0.309361662511216,-17.421895107403934,44.7432857907952,13662.816019722757,-13618.07273393196
457,46.78370901012446,-20.51263525463319,0.06291609925288147,-19.804779908728392,44.741723337068834,17650.496955092265,-17605.755231755196
458,46.765215964540445,-25.758678927246763,-0.21714693048878894,-22.15771092027037,44.74005683949508,22095.50877070603,-22050.768713866535
459,46.671636457933666,-31.588049392416725,-0.5391815459259747,-24.469215183240085,44.73857579256946,26956.494379042837,-26911.755803250267
460,46.49143713615828,-37.988617325526604,-0.911412728361535,-26.724564868631866,44.73757045598177,32176.48682606094,-32131.74925560496
461,46.21114169006339,-44.94416911002008,-1.3410053960214523,-28.905863242289968,44.73722758216172,37680.6251364358,-37635.88790885364
462,45.81570595762606,-52.43366939212204,-1.833212121309377,-30.992549384790657,44.73757195894723,43375.44528226815,-43330.7077103092
463,45.28726191966334,-60.426690955321135,-2.415108533164217,-32.906744596671075,39.34291999818379,48990.89651298766,-48951.553592989476
464,44.59681343710079,-68.85940951187656,-3.1296609415827192,-34.49623203850179,39.34597842104995,53990.31611085415,-53950.970132433096
465,43.71260544316203,-77.64372806671258,-3.961934377887321,-35.71326815480997,39.34920752313337,58101.05008404222,-58061.700876519084
466,42.60774096804058,-86.68213521607167,-4.891321333540519,-36.523942977854716,39.35224744473817,61106.55457668891,-61067.20232924418
467,41.260697498759136,-95.86962059763931,-5.89556491900909,-36.902239197847464,39.354875433433335,62843.98245882302,-62804.62758338959
468,39.65564519224828,-105.09568639268213,-6.951493963756826,-36.83030028165636,39.35698407686141,63215.742922430596,-63176.38593835374
469,37.782594841659034,-114.24639874235552,-8.035649996057524,-36.298489246261944,39.35854485002346,62196.83965890599,-62157.48111405596
470,35.63740220918163,-123.2064323982711,-9.124810855592973,-35.305282810887114,39.35957553163462,59837.63253781808,-59798.27296228645
471,33.22165312152023,-131.8610723928374,-10.19642352505803,-33.85703887700073,39.36011713348853,56261.97603994931,-56222.61592281582
472,30.542450011480206,-140.0981447268118,-11.228962497875957,-31.96766490818315,39.36021959221398,51660.9539307265,-51621.593711134294
473,27.61211650526898,-147.80985371674845,-12.20222946541201,-29.65820515014289,39.35993369447533,46282.65914945392,-46243.29921575944
474,24.447833048391537,-154.89450720029052,-13.097607152313893,-26.956357688063758,39.359306911879685,40418.66398154301,-40379.30467463113
475,21.07121381138813,-161.25811298100118,-13.89827647286396,-23.895928247638427,39.35838150893687,34387.986407960154,-34348.62802645122
476,17.507833253376727,-166.81583135056536,-14.589402842619032,-20.516225789366207,39.35719389517908,28519.478817501385,-28480.121623606217
477,13.78670960534468,-171.4932697171376,-15.158294872523353,-16.861404560968978,39.355774618306896,23133.639024496497,-23094.283249878208
478,9.93975197136129,-175.22760657930132,-15.594536853349593,-12.979757725581488,39.35414864966879,18524.86606283719,-18485.51191418752
479,6.001177548708407,-177.96853346532046,-15.89009530114523,-8.922968527234872,39.3523357695085,14945.15232078758,-14905.799985018064
480,2.0069054856396273,-179.67900506645614,-16.039399226691337,-4.745325905989486,39.35035094519844,12590.120047825872,-12550.769696880685
